[
  {
    "name": "Vladimir Guerero Jr.",
    "position": "First Baseman",
    "age": 24,
    "statistics": {"battingAverage": 0.320, "homeRuns": 46,
    "RBIs": 112
  }
},

{
  "name": "Bo Bichete",
  "position": "Shortstop",
  "age": 25,
  "statistics": {"battingAverage": 0.298, "homeRuns": 25,
  "RBIs": 92
  }
},

{
  "name": "Hyun Jin Ryu",
  "position": "Starting Pitcher",
  "age": 35,
  "statistics": {"wins": 16, "losses": 7,
  "ERA": 3.40
  }
},

{
  "name": "George Springer",
  "position": "Center Fielder",
  "age": 32,
  "statistics": {"battingAverage": 0.290, "homeRuns": 35,
  "RBIs": 85
  }
},
{
  "name": "Teoscar Hernadez",
  "position": "Outfielder",
  "age": 28,
  "statistics": {"battingAverage": 0.275, "homeRuns": 32,
  "RBIs": 79
  }
},
{
  "name": "Bo Bichete",
  "position": "Shortstop",
  "age": 26,
  "isAllStar": false,
  "statistics": {"battingAverage": 0.298, "homeRuns": 25,
  "RBIs": 92
  }
}
]
